[
  {
    "id": "80a9a59e-92f4-422f-97bb-0fe649fef1be",
    "data": [
      {
        "text": "i would like to know about my portfolio",
        "userDefined": false
      }
    ],
    "isTemplate": false,
    "count": 0,
    "updated": 0
  },
  {
    "id": "f184f800-f9bd-46ba-b7a4-3e192c1ddd82",
    "data": [
      {
        "text": "i would like to know about my investments",
        "userDefined": false
      }
    ],
    "isTemplate": false,
    "count": 0,
    "updated": 0
  },
  {
    "id": "2ed0895d-e37d-4ee9-95e1-0af70218145e",
    "data": [
      {
        "text": "can you tell me about my investments so far",
        "userDefined": false
      }
    ],
    "isTemplate": false,
    "count": 0,
    "updated": 0
  },
  {
    "id": "54c7771d-b2c6-4d1a-993b-35f569b45c91",
    "data": [
      {
        "text": "can you provide my portfolio details",
        "userDefined": false
      }
    ],
    "isTemplate": false,
    "count": 0,
    "updated": 0
  },
  {
    "id": "fc6d0375-2e14-4d85-96d6-d9557ff2c0e7",
    "data": [
      {
        "text": "tell me about my portfolio \u0026 investments",
        "userDefined": false
      }
    ],
    "isTemplate": false,
    "count": 0,
    "updated": 0
  },
  {
    "id": "84aa0377-20a5-4445-9cd1-e39325b06ab0",
    "data": [
      {
        "text": "may i know about my investments",
        "userDefined": false
      }
    ],
    "isTemplate": false,
    "count": 0,
    "updated": 0
  },
  {
    "id": "b42f29d6-b6a8-4988-b751-f4bf225d3573",
    "data": [
      {
        "text": "can i know about my portfolio",
        "userDefined": false
      }
    ],
    "isTemplate": false,
    "count": 0,
    "updated": 0
  },
  {
    "id": "3a1f94b1-d84a-4f53-991b-772ebb69ec8e",
    "data": [
      {
        "text": "my investments",
        "userDefined": false
      }
    ],
    "isTemplate": false,
    "count": 0,
    "updated": 0
  },
  {
    "id": "53f41378-3993-48dd-926f-fd2481c4d7b1",
    "data": [
      {
        "text": "investment details",
        "userDefined": false
      }
    ],
    "isTemplate": false,
    "count": 0,
    "updated": 0
  },
  {
    "id": "5f0bb8df-3829-4f47-8f8d-a6e2483610fe",
    "data": [
      {
        "text": "investment",
        "userDefined": false
      }
    ],
    "isTemplate": false,
    "count": 0,
    "updated": 0
  },
  {
    "id": "03331f0a-ed74-47b3-9109-7fea3dbb5ffc",
    "data": [
      {
        "text": "portfolio details",
        "userDefined": false
      }
    ],
    "isTemplate": false,
    "count": 0,
    "updated": 0
  },
  {
    "id": "a192e78a-de88-4aed-aeaa-4edc6ec95a95",
    "data": [
      {
        "text": "my portfolio",
        "userDefined": false
      }
    ],
    "isTemplate": false,
    "count": 0,
    "updated": 0
  },
  {
    "id": "a972b043-45ca-4471-b49d-144a6fc00ecf",
    "data": [
      {
        "text": "i would like to know my investments",
        "userDefined": false
      }
    ],
    "isTemplate": false,
    "count": 0,
    "updated": 0
  },
  {
    "id": "cbe219e4-1150-4f40-a4e8-20dec775b6c4",
    "data": [
      {
        "text": "i want to check my portfolio",
        "userDefined": false
      }
    ],
    "isTemplate": false,
    "count": 0,
    "updated": 0
  },
  {
    "id": "fe6f1113-cc13-47a1-ac29-e2546b684db9",
    "data": [
      {
        "text": "Please provide my portfolio details",
        "userDefined": false
      }
    ],
    "isTemplate": false,
    "count": 0,
    "updated": 0
  }
]