[
  {
    "id": "730f7e9f-6c26-4e58-ba1e-92565e635859",
    "data": [
      {
        "text": "current value",
        "alias": "currentmarketvalue",
        "meta": "@currentmarketvalue",
        "userDefined": false
      },
      {
        "text": " of investments",
        "userDefined": false
      }
    ],
    "isTemplate": false,
    "count": 0,
    "updated": 0
  },
  {
    "id": "e8045c77-7ecf-44d5-96e1-abecd140fba0",
    "data": [
      {
        "text": "current value",
        "alias": "currentmarketvalue",
        "meta": "@currentmarketvalue",
        "userDefined": true
      }
    ],
    "isTemplate": false,
    "count": 0,
    "updated": 0
  },
  {
    "id": "893a96db-5000-4cb8-ba1f-bde10d7ff245",
    "data": [
      {
        "text": "current market value",
        "alias": "currentmarketvalue",
        "meta": "@currentmarketvalue",
        "userDefined": true
      }
    ],
    "isTemplate": false,
    "count": 0,
    "updated": 0
  }
]