[
  {
    "id": "338997fa-4f19-4b62-8a1d-5117ac21ea31",
    "data": [
      {
        "text": "no",
        "alias": "goodbyeentity",
        "meta": "@goodbyeentity",
        "userDefined": true
      },
      {
        "text": ", that\u0027s it",
        "userDefined": false
      }
    ],
    "isTemplate": false,
    "count": 0,
    "updated": 0
  },
  {
    "id": "6518714b-8589-42c2-8de2-2585f33eb5b4",
    "data": [
      {
        "text": "no",
        "alias": "goodbyeentity",
        "meta": "@goodbyeentity",
        "userDefined": true
      },
      {
        "text": ", that\u0027s all for ",
        "userDefined": false
      },
      {
        "text": "today",
        "alias": "date",
        "meta": "@sys.date",
        "userDefined": false
      }
    ],
    "isTemplate": false,
    "count": 0,
    "updated": 0
  },
  {
    "id": "00381106-7483-4a27-aad0-c55d668c8edf",
    "data": [
      {
        "text": "yes",
        "alias": "goodbyeentity",
        "meta": "@goodbyeentity",
        "userDefined": true
      },
      {
        "text": ", i want to check my investments",
        "userDefined": false
      }
    ],
    "isTemplate": false,
    "count": 0,
    "updated": 0
  },
  {
    "id": "bb3b9ab7-db22-4967-a060-1a5b534ef2b3",
    "data": [
      {
        "text": "yes",
        "alias": "goodbyeentity",
        "meta": "@goodbyeentity",
        "userDefined": true
      },
      {
        "text": ",i want to",
        "userDefined": false
      }
    ],
    "isTemplate": false,
    "count": 0,
    "updated": 0
  },
  {
    "id": "69ab7b50-b94e-43a8-96af-e6a32dcd022f",
    "data": [
      {
        "text": "no",
        "alias": "goodbyeentity",
        "meta": "@goodbyeentity",
        "userDefined": true
      },
      {
        "text": ", thanks",
        "userDefined": false
      }
    ],
    "isTemplate": false,
    "count": 0,
    "updated": 0
  },
  {
    "id": "ce1a567a-2224-4286-93e3-6f7b6f22d7d0",
    "data": [
      {
        "text": "yes",
        "alias": "goodbyeentity",
        "meta": "@goodbyeentity",
        "userDefined": true
      },
      {
        "text": ",please",
        "userDefined": false
      }
    ],
    "isTemplate": false,
    "count": 0,
    "updated": 0
  },
  {
    "id": "f5ae37c1-58b8-4ca3-8ae0-be094c29badd",
    "data": [
      {
        "text": "no",
        "alias": "goodbyeentity",
        "meta": "@goodbyeentity",
        "userDefined": true
      },
      {
        "text": ", that\u0027s all",
        "userDefined": false
      }
    ],
    "isTemplate": false,
    "count": 0,
    "updated": 0
  }
]